PreOptimize, final-PostOptimize, final-CreatePlan, Execute
execute /home/pei/Project/benchmarks/imdb_job-postgres/queries/10a.sql
0, 0, 0, 1165
0, 0, 0, 1173
0, 0, 0, 1152
0, 0, 0, 1156
0, 0, 0, 1153
0, 0, 0, 1181
0, 0, 0, 1148
0, 0, 0, 1187
0, 0, 0, 1152
0, 0, 0, 1149
0, 0, 0, 1153
0, 0, 0, 1151
0, 0, 0, 1168
0, 0, 0, 1155
0, 0, 0, 1153
execute /home/pei/Project/benchmarks/imdb_job-postgres/queries/10b.sql
0, 0, 0, 1070
0, 0, 0, 1064
0, 0, 0, 1064
0, 0, 0, 1058
0, 0, 0, 1060
0, 0, 0, 1057
0, 0, 0, 1042
0, 0, 0, 1050
0, 0, 0, 1068
0, 0, 0, 1048
0, 0, 0, 1077
0, 0, 0, 1050
0, 0, 0, 1050
0, 0, 0, 1053
0, 0, 0, 1064
execute /home/pei/Project/benchmarks/imdb_job-postgres/queries/10c.sql
0, 0, 0, 1356
0, 0, 0, 1360
0, 0, 0, 1387
0, 0, 0, 1377
0, 0, 0, 1363
0, 0, 0, 1366
0, 0, 0, 1363
0, 0, 0, 1363
0, 0, 0, 1385
0, 0, 0, 1363
0, 0, 0, 1389
0, 0, 0, 1361
0, 0, 0, 1362
0, 0, 0, 1359
0, 0, 0, 1361
execute /home/pei/Project/benchmarks/imdb_job-postgres/queries/11a.sql
1, 0, 0, 145
1, 0, 0, 146
1, 0, 0, 146
1, 0, 0, 147
1, 0, 0, 146
1, 0, 0, 146
1, 0, 0, 147
1, 0, 0, 146
1, 0, 0, 147
1, 0, 0, 145
1, 0, 0, 145
1, 0, 0, 145
1, 0, 0, 145
1, 0, 0, 146
1, 0, 0, 146
execute /home/pei/Project/benchmarks/imdb_job-postgres/queries/11b.sql
1, 0, 0, 158
1, 0, 0, 157
1, 0, 0, 157
1, 0, 0, 158
1, 0, 0, 158
1, 0, 0, 158
1, 0, 0, 158
1, 0, 0, 157
1, 0, 0, 157
1, 0, 0, 158
1, 0, 0, 158
1, 0, 0, 158
1, 0, 0, 158
1, 0, 0, 160
1, 0, 0, 157
execute /home/pei/Project/benchmarks/imdb_job-postgres/queries/11c.sql
1, 0, 0, 301
1, 0, 0, 300
1, 0, 0, 293
1, 0, 0, 294
1, 0, 0, 296
1, 0, 0, 295
1, 0, 0, 296
1, 0, 0, 300
1, 0, 0, 294
1, 0, 0, 294
1, 0, 0, 296
1, 0, 0, 294
1, 0, 0, 294
1, 0, 0, 294
1, 0, 0, 300
execute /home/pei/Project/benchmarks/imdb_job-postgres/queries/11d.sql
1, 0, 0, 703
1, 0, 0, 733
1, 0, 0, 710
1, 0, 0, 708
1, 0, 0, 712
1, 0, 0, 710
1, 0, 0, 707
1, 0, 0, 716
1, 0, 0, 706
1, 0, 0, 702
1, 0, 0, 713
1, 0, 0, 702
1, 0, 0, 711
1, 0, 0, 706
1, 0, 0, 710
execute /home/pei/Project/benchmarks/imdb_job-postgres/queries/12a.sql
1, 0, 0, 730
1, 0, 0, 732
1, 0, 0, 732
1, 0, 0, 731
1, 0, 0, 734
1, 0, 0, 735
1, 0, 0, 733
1, 0, 0, 732
1, 0, 0, 737
1, 0, 0, 735
1, 0, 0, 732
1, 0, 0, 737
1, 0, 0, 745
1, 0, 0, 730
1, 0, 0, 730
execute /home/pei/Project/benchmarks/imdb_job-postgres/queries/12b.sql
1, 0, 0, 644
1, 0, 0, 645
1, 0, 0, 643
1, 0, 0, 643
1, 0, 0, 649
1, 0, 0, 642
1, 0, 0, 647
1, 0, 0, 649
1, 0, 0, 648
1, 0, 0, 645
1, 0, 0, 657
1, 0, 0, 646
1, 0, 0, 654
1, 0, 0, 648
1, 0, 0, 645
execute /home/pei/Project/benchmarks/imdb_job-postgres/queries/12c.sql
1, 0, 0, 895
1, 0, 0, 885
1, 0, 0, 890
1, 0, 0, 901
1, 0, 0, 891
1, 0, 0, 885
1, 0, 0, 888
1, 0, 0, 883
1, 0, 0, 892
1, 0, 0, 892
1, 0, 0, 886
1, 0, 0, 891
1, 0, 0, 892
1, 0, 0, 892
1, 0, 0, 887
execute /home/pei/Project/benchmarks/imdb_job-postgres/queries/13a.sql
1, 0, 0, 744
1, 0, 0, 756
1, 0, 0, 751
1, 0, 0, 744
1, 0, 0, 750
1, 0, 0, 755
1, 0, 0, 754
1, 0, 0, 756
1, 0, 0, 756
1, 0, 0, 743
1, 0, 0, 749
1, 0, 0, 758
1, 0, 0, 747
1, 0, 0, 762
2, 0, 0, 748
execute /home/pei/Project/benchmarks/imdb_job-postgres/queries/13b.sql
1, 0, 0, 342
1, 0, 0, 344
1, 0, 0, 344
1, 0, 0, 339
1, 0, 0, 341
1, 0, 0, 346
1, 0, 0, 341
1, 0, 0, 341
1, 0, 0, 345
1, 0, 0, 342
2, 0, 0, 340
1, 0, 0, 339
1, 0, 0, 341
1, 0, 0, 346
1, 0, 0, 346
execute /home/pei/Project/benchmarks/imdb_job-postgres/queries/13c.sql
1, 0, 0, 292
2, 0, 0, 289
1, 0, 0, 295
1, 0, 0, 289
2, 0, 0, 294
1, 0, 0, 296
1, 0, 0, 293
1, 0, 0, 293
2, 0, 0, 289
1, 0, 0, 292
1, 0, 0, 291
1, 0, 0, 294
1, 0, 0, 289
2, 0, 0, 291
1, 0, 0, 288
execute /home/pei/Project/benchmarks/imdb_job-postgres/queries/13d.sql
1, 0, 0, 560
1, 0, 0, 561
1, 0, 0, 566
1, 0, 0, 561
1, 0, 0, 560
1, 0, 0, 574
1, 0, 0, 563
1, 0, 0, 561
1, 0, 0, 587
1, 0, 0, 563
1, 0, 0, 565
1, 0, 0, 558
1, 0, 0, 562
1, 0, 0, 562
1, 0, 0, 560
execute /home/pei/Project/benchmarks/imdb_job-postgres/queries/14a.sql
1, 0, 0, 884
1, 0, 0, 880
1, 0, 0, 880
1, 0, 0, 892
1, 0, 0, 882
1, 0, 0, 884
1, 0, 0, 889
1, 0, 0, 892
1, 0, 0, 882
1, 0, 0, 889
1, 0, 0, 886
1, 0, 0, 886
1, 0, 0, 890
1, 0, 0, 896
1, 0, 0, 885
execute /home/pei/Project/benchmarks/imdb_job-postgres/queries/14b.sql
1, 0, 0, 861
1, 0, 0, 867
1, 0, 0, 873
1, 0, 0, 865
1, 0, 0, 861
1, 0, 0, 860
1, 0, 0, 866
1, 0, 0, 874
1, 0, 0, 862
1, 0, 0, 861
1, 0, 0, 877
1, 0, 0, 876
1, 0, 0, 868
1, 0, 0, 876
1, 0, 0, 867
execute /home/pei/Project/benchmarks/imdb_job-postgres/queries/14c.sql
1, 0, 0, 959
1, 0, 0, 969
1, 0, 0, 962
1, 0, 0, 961
1, 0, 0, 963
1, 0, 0, 961
1, 0, 0, 980
1, 0, 0, 964
1, 0, 0, 960
1, 0, 0, 970
1, 0, 0, 963
1, 0, 0, 965
1, 0, 0, 964
1, 0, 0, 960
1, 0, 0, 963
execute /home/pei/Project/benchmarks/imdb_job-postgres/queries/15a.sql
2, 0, 0, 765
2, 0, 0, 764
2, 0, 0, 773
2, 0, 0, 770
2, 0, 0, 751
2, 0, 0, 772
2, 0, 0, 767
2, 0, 0, 775
2, 0, 0, 768
2, 0, 0, 771
2, 0, 0, 769
2, 0, 0, 766
2, 0, 0, 747
2, 0, 0, 766
2, 0, 0, 780
execute /home/pei/Project/benchmarks/imdb_job-postgres/queries/15b.sql
2, 0, 0, 764
2, 0, 0, 765
2, 0, 0, 762
2, 0, 0, 743
2, 0, 0, 759
2, 0, 0, 762
2, 0, 0, 764
2, 0, 0, 761
2, 0, 0, 750
2, 0, 0, 765
2, 0, 0, 760
2, 0, 0, 771
2, 0, 0, 747
2, 0, 0, 777
2, 0, 0, 762
execute /home/pei/Project/benchmarks/imdb_job-postgres/queries/15c.sql
2, 0, 0, 972
3, 0, 0, 974
2, 0, 0, 976
2, 0, 0, 986
2, 0, 0, 976
2, 0, 0, 980
2, 0, 0, 974
2, 0, 0, 977
2, 0, 0, 990
2, 0, 0, 971
2, 0, 0, 975
2, 0, 0, 974
2, 0, 0, 976
2, 0, 0, 970
2, 0, 0, 975
execute /home/pei/Project/benchmarks/imdb_job-postgres/queries/15d.sql
2, 0, 0, 633
2, 0, 0, 630
2, 0, 0, 641
2, 0, 0, 627
2, 0, 0, 631
2, 0, 0, 640
2, 0, 0, 628
2, 0, 0, 634
2, 0, 0, 630
2, 0, 0, 647
2, 0, 0, 629
2, 0, 0, 641
2, 0, 0, 632
2, 0, 0, 637
2, 0, 0, 628
execute /home/pei/Project/benchmarks/imdb_job-postgres/queries/16a.sql
1, 0, 0, 486
1, 0, 0, 481
1, 0, 0, 479
1, 0, 0, 484
1, 0, 0, 483
1, 0, 0, 484
1, 0, 0, 483
1, 0, 0, 482
1, 0, 0, 480
1, 0, 0, 487
1, 0, 0, 478
1, 0, 0, 482
1, 0, 0, 488
1, 0, 0, 477
1, 0, 0, 482
execute /home/pei/Project/benchmarks/imdb_job-postgres/queries/16b.sql
1, 0, 0, 2300
1, 0, 0, 2325
1, 0, 0, 2338
1, 0, 0, 2325
1, 0, 0, 2301
1, 0, 0, 2303
1, 0, 0, 2342
1, 0, 0, 2310
1, 0, 0, 2323
1, 0, 0, 2322
1, 0, 0, 2307
1, 0, 0, 2313
1, 0, 0, 2311
1, 0, 0, 2296
1, 0, 0, 2315
execute /home/pei/Project/benchmarks/imdb_job-postgres/queries/16c.sql
1, 0, 0, 851
1, 0, 0, 844
1, 0, 0, 850
1, 0, 0, 846
1, 0, 0, 839
1, 0, 0, 862
1, 0, 0, 853
1, 0, 0, 852
1, 0, 0, 843
1, 0, 0, 852
1, 0, 0, 848
1, 0, 0, 848
1, 0, 0, 845
1, 0, 0, 840
1, 0, 0, 853
execute /home/pei/Project/benchmarks/imdb_job-postgres/queries/16d.sql
1, 0, 0, 835
1, 0, 0, 836
1, 0, 0, 846
1, 0, 0, 841
1, 0, 0, 845
1, 0, 0, 847
1, 0, 0, 847
1, 0, 0, 840
1, 0, 0, 840
1, 0, 0, 841
1, 0, 0, 842
1, 0, 0, 839
1, 0, 0, 849
1, 0, 0, 835
1, 0, 0, 853
execute /home/pei/Project/benchmarks/imdb_job-postgres/queries/17a.sql
0, 0, 0, 835
0, 0, 0, 836
0, 0, 0, 824
0, 0, 0, 828
3, 0, 0, 868
0, 0, 0, 825
0, 0, 0, 835
0, 0, 0, 828
0, 0, 0, 825
0, 0, 0, 836
0, 0, 0, 831
0, 0, 0, 837
0, 0, 0, 825
0, 0, 0, 831
0, 0, 0, 830
execute /home/pei/Project/benchmarks/imdb_job-postgres/queries/17b.sql
0, 0, 0, 1382
0, 0, 0, 1371
0, 0, 0, 1362
0, 0, 0, 1343
0, 0, 0, 1370
0, 0, 0, 1337
0, 0, 0, 1380
0, 0, 0, 1374
0, 0, 0, 1362
0, 0, 0, 1350
0, 0, 0, 1360
0, 0, 0, 1346
0, 0, 0, 1348
0, 0, 0, 1355
0, 0, 0, 1356
execute /home/pei/Project/benchmarks/imdb_job-postgres/queries/17c.sql
1, 0, 0, 1338
0, 0, 0, 1343
0, 0, 0, 1337
0, 0, 0, 1356
0, 0, 0, 1341
0, 0, 0, 1358
0, 0, 0, 1333
0, 0, 0, 1359
0, 0, 0, 1338
0, 0, 0, 1345
0, 0, 0, 1343
0, 0, 0, 1350
0, 0, 0, 1346
0, 0, 0, 1357
0, 0, 0, 1347
execute /home/pei/Project/benchmarks/imdb_job-postgres/queries/17d.sql
0, 0, 0, 1364
0, 0, 0, 1351
0, 0, 0, 1362
0, 0, 0, 1384
0, 0, 0, 1353
0, 0, 0, 1363
0, 0, 0, 1387
0, 0, 0, 1363
0, 0, 0, 1382
0, 0, 0, 1358
0, 0, 0, 1370
0, 0, 0, 1366
0, 0, 0, 1366
0, 0, 0, 1358
0, 0, 0, 1369
execute /home/pei/Project/benchmarks/imdb_job-postgres/queries/17e.sql
0, 0, 0, 1137
0, 0, 0, 1142
0, 0, 0, 1140
0, 0, 0, 1149
0, 0, 0, 1140
0, 0, 0, 1146
0, 0, 0, 1137
0, 0, 0, 1141
0, 0, 0, 1138
0, 0, 0, 1137
0, 0, 0, 1151
0, 0, 0, 1143
0, 0, 0, 1147
0, 0, 0, 1138
0, 0, 0, 1153
execute /home/pei/Project/benchmarks/imdb_job-postgres/queries/17f.sql
0, 0, 0, 1523
0, 0, 0, 1532
0, 0, 0, 1500
0, 0, 0, 1506
0, 0, 0, 1500
0, 0, 0, 1488
0, 0, 0, 1486
0, 0, 0, 1495
0, 0, 0, 1476
0, 0, 0, 1527
0, 0, 0, 1506
0, 0, 0, 1497
0, 0, 0, 1504
0, 0, 0, 1515
0, 0, 0, 1488
execute /home/pei/Project/benchmarks/imdb_job-postgres/queries/18a.sql
0, 0, 0, 1641
0, 0, 0, 1647
0, 0, 0, 1642
0, 0, 0, 1638
0, 0, 0, 1642
0, 0, 0, 1679
0, 0, 0, 1647
0, 0, 0, 1646
0, 0, 0, 1658
0, 0, 0, 1636
0, 0, 0, 1652
0, 0, 0, 1639
0, 0, 0, 1643
0, 0, 0, 1645
0, 0, 0, 1641
execute /home/pei/Project/benchmarks/imdb_job-postgres/queries/18b.sql
0, 0, 0, 1594
0, 0, 0, 1615
0, 0, 0, 1599
0, 0, 0, 1608
0, 0, 0, 1644
0, 0, 0, 1633
0, 0, 0, 1613
0, 0, 0, 1614
0, 0, 0, 1621
0, 0, 0, 1608
0, 0, 0, 1596
0, 0, 0, 1601
0, 0, 0, 1600
0, 0, 0, 1678
0, 0, 0, 1604
execute /home/pei/Project/benchmarks/imdb_job-postgres/queries/18c.sql
0, 0, 0, 1721
0, 0, 0, 1732
0, 0, 0, 1716
0, 0, 0, 1722
0, 0, 0, 1729
0, 0, 0, 1733
0, 0, 0, 1749
0, 0, 0, 1736
0, 0, 0, 1725
0, 0, 0, 1731
0, 0, 0, 1740
0, 0, 0, 1725
1, 0, 0, 1753
0, 0, 0, 1727
0, 0, 0, 1737
execute /home/pei/Project/benchmarks/imdb_job-postgres/queries/19a.sql
4, 0, 0, 2178
4, 0, 0, 2180
4, 0, 0, 2188
4, 0, 0, 2195
4, 0, 0, 2190
4, 0, 0, 2158
4, 0, 0, 2188
4, 0, 0, 2231
4, 0, 0, 2174
4, 0, 0, 2201
4, 0, 0, 2182
4, 0, 0, 2199
4, 0, 0, 2185
4, 0, 0, 2173
4, 0, 0, 2191
execute /home/pei/Project/benchmarks/imdb_job-postgres/queries/19b.sql
4, 0, 0, 1561
4, 0, 0, 1559
4, 0, 0, 1555
4, 0, 0, 1542
4, 0, 0, 1534
4, 0, 0, 1539
4, 0, 0, 1579
4, 0, 0, 1560
4, 0, 0, 1537
4, 0, 0, 1531
4, 0, 0, 1559
4, 0, 0, 1539
4, 0, 0, 1534
4, 0, 0, 1536
4, 0, 0, 1540
execute /home/pei/Project/benchmarks/imdb_job-postgres/queries/19c.sql
4, 0, 0, 2268
4, 0, 0, 2254
5, 0, 0, 2262
4, 0, 0, 2283
4, 0, 0, 2245
4, 0, 0, 2259
4, 0, 0, 2302
4, 0, 0, 2264
4, 0, 0, 2295
4, 0, 0, 2258
4, 0, 0, 2246
4, 0, 0, 2258
4, 0, 0, 2272
4, 0, 0, 2256
4, 0, 0, 2260
execute /home/pei/Project/benchmarks/imdb_job-postgres/queries/19d.sql
4, 0, 0, 3210
4, 0, 0, 3259
4, 0, 0, 3265
4, 0, 0, 3243
4, 0, 0, 3253
4, 0, 0, 3252
4, 0, 0, 3217
4, 0, 0, 3321
4, 0, 0, 3263
4, 0, 0, 3262
4, 0, 0, 3296
4, 0, 0, 3263
4, 0, 0, 3272
4, 0, 0, 3230
4, 0, 0, 3271
execute /home/pei/Project/benchmarks/imdb_job-postgres/queries/1a.sql
0, 0, 0, 248
0, 0, 0, 245
0, 0, 0, 249
0, 0, 0, 245
0, 0, 0, 248
0, 0, 0, 244
0, 0, 0, 246
0, 0, 0, 248
0, 0, 0, 245
0, 0, 0, 248
0, 0, 0, 244
0, 0, 0, 248
0, 0, 0, 244
0, 0, 0, 247
0, 0, 0, 247
execute /home/pei/Project/benchmarks/imdb_job-postgres/queries/1b.sql
0, 0, 0, 196
0, 0, 0, 197
0, 0, 0, 195
0, 0, 0, 200
0, 0, 0, 199
0, 0, 0, 197
0, 0, 0, 199
0, 0, 0, 195
0, 0, 0, 199
0, 0, 0, 201
0, 0, 0, 199
0, 0, 0, 198
0, 0, 0, 199
0, 0, 0, 195
0, 0, 0, 199
execute /home/pei/Project/benchmarks/imdb_job-postgres/queries/1c.sql
0, 0, 0, 201
0, 0, 0, 202
0, 0, 0, 199
0, 0, 0, 202
0, 0, 0, 202
0, 0, 0, 201
0, 0, 0, 202
0, 0, 0, 204
0, 0, 0, 201
0, 0, 0, 202
0, 0, 0, 199
0, 0, 0, 202
0, 0, 0, 201
0, 0, 0, 199
0, 0, 0, 202
execute /home/pei/Project/benchmarks/imdb_job-postgres/queries/1d.sql
0, 0, 0, 198
0, 0, 0, 199
0, 0, 0, 195
0, 0, 0, 198
0, 0, 0, 198
0, 0, 0, 195
0, 0, 0, 197
0, 0, 0, 198
0, 0, 0, 195
0, 0, 0, 196
0, 0, 0, 195
0, 0, 0, 199
0, 0, 0, 195
0, 0, 0, 198
0, 0, 0, 195
execute /home/pei/Project/benchmarks/imdb_job-postgres/queries/20a.sql
3, 0, 0, 1039
3, 0, 0, 1042
3, 0, 0, 1026
3, 0, 0, 1032
3, 0, 0, 1047
3, 0, 0, 1033
3, 0, 0, 1029
3, 0, 0, 1027
3, 0, 0, 1034
3, 0, 0, 1037
3, 0, 0, 1021
3, 0, 0, 1050
3, 0, 0, 1033
3, 0, 0, 1047
3, 0, 0, 1034
execute /home/pei/Project/benchmarks/imdb_job-postgres/queries/20b.sql
3, 0, 0, 1081
3, 0, 0, 1090
3, 0, 0, 1072
3, 0, 0, 1080
3, 0, 0, 1079
3, 0, 0, 1077
3, 0, 0, 1078
3, 0, 0, 1072
3, 0, 0, 1074
3, 0, 0, 1080
3, 0, 0, 1091
3, 0, 0, 1073
3, 0, 0, 1076
3, 0, 0, 1073
3, 0, 0, 1086
execute /home/pei/Project/benchmarks/imdb_job-postgres/queries/20c.sql
3, 0, 0, 1051
3, 0, 0, 1053
3, 0, 0, 1050
3, 0, 0, 1062
3, 0, 0, 1046
3, 0, 0, 1051
3, 0, 0, 1043
3, 0, 0, 1045
3, 0, 0, 1046
3, 0, 0, 1054
3, 0, 0, 1060
3, 0, 0, 1059
3, 0, 0, 1059
3, 0, 0, 1053
3, 0, 0, 1058
execute /home/pei/Project/benchmarks/imdb_job-postgres/queries/21a.sql
2, 0, 0, 800
2, 0, 0, 805
2, 0, 0, 798
2, 0, 0, 792
2, 0, 0, 794
2, 0, 0, 810
2, 0, 0, 799
2, 0, 0, 814
2, 0, 0, 796
2, 0, 0, 799
2, 0, 0, 795
2, 0, 0, 801
2, 0, 0, 807
2, 0, 0, 801
2, 0, 0, 804
execute /home/pei/Project/benchmarks/imdb_job-postgres/queries/21b.sql
2, 0, 0, 225
2, 0, 0, 224
2, 0, 0, 226
2, 0, 0, 225
2, 0, 0, 226
2, 0, 0, 225
2, 0, 0, 224
2, 0, 0, 226
2, 0, 0, 223
2, 0, 0, 223
2, 0, 0, 226
2, 0, 0, 226
2, 0, 0, 226
2, 0, 0, 224
2, 0, 0, 226
execute /home/pei/Project/benchmarks/imdb_job-postgres/queries/21c.sql
2, 0, 0, 805
2, 0, 0, 809
2, 0, 0, 814
2, 0, 0, 812
2, 0, 0, 805
3, 0, 0, 817
2, 0, 0, 807
2, 0, 0, 820
2, 0, 0, 805
2, 0, 0, 814
2, 0, 0, 816
3, 0, 0, 808
2, 0, 0, 807
2, 0, 0, 816
2, 0, 0, 817
execute /home/pei/Project/benchmarks/imdb_job-postgres/queries/22a.sql
8, 0, 0, 1018
8, 0, 0, 1024
8, 0, 0, 1025
8, 0, 0, 1020
8, 0, 0, 1016
8, 0, 0, 1025
8, 0, 0, 1018
8, 0, 0, 1011
8, 0, 0, 1007
8, 0, 0, 1009
8, 0, 0, 1024
8, 0, 0, 1009
8, 0, 0, 1013
8, 0, 0, 1010
8, 0, 0, 1023
execute /home/pei/Project/benchmarks/imdb_job-postgres/queries/22b.sql
8, 0, 0, 967
8, 0, 0, 951
8, 0, 0, 961
8, 0, 0, 956
8, 0, 0, 958
8, 0, 0, 961
8, 0, 0, 966
8, 0, 0, 963
8, 0, 0, 954
8, 0, 0, 954
8, 0, 0, 949
8, 0, 0, 962
8, 0, 0, 955
8, 0, 0, 953
8, 0, 0, 951
execute /home/pei/Project/benchmarks/imdb_job-postgres/queries/22c.sql
8, 0, 0, 1392
8, 0, 0, 1410
8, 0, 0, 1413
8, 0, 0, 1397
8, 0, 0, 1396
8, 0, 0, 1395
8, 0, 0, 1398
8, 0, 0, 1419
8, 0, 0, 1394
8, 0, 0, 1386
8, 0, 0, 1396
8, 0, 0, 1391
8, 0, 0, 1389
8, 0, 0, 1391
8, 0, 0, 1406
execute /home/pei/Project/benchmarks/imdb_job-postgres/queries/22d.sql
8, 0, 0, 1706
8, 0, 0, 1725
8, 0, 0, 1692
8, 0, 0, 1745
8, 0, 0, 1705
8, 0, 0, 1694
8, 0, 0, 1707
8, 0, 0, 1698
8, 0, 0, 1707
8, 0, 0, 1739
8, 0, 0, 1703
8, 0, 0, 1695
8, 0, 0, 1736
8, 0, 0, 1695
8, 0, 0, 1740
execute /home/pei/Project/benchmarks/imdb_job-postgres/queries/23a.sql
8, 0, 0, 928
8, 0, 0, 920
8, 0, 0, 917
8, 0, 0, 936
8, 0, 0, 923
8, 0, 0, 933
8, 0, 0, 936
8, 0, 0, 917
8, 0, 0, 929
8, 0, 0, 916
8, 0, 0, 933
8, 0, 0, 933
8, 0, 0, 929
8, 0, 0, 936
8, 0, 0, 935
execute /home/pei/Project/benchmarks/imdb_job-postgres/queries/23b.sql
8, 0, 0, 689
8, 0, 0, 676
8, 0, 0, 696
8, 0, 0, 689
8, 0, 0, 673
11, 0, 0, 704
8, 0, 0, 686
8, 0, 0, 694
8, 0, 0, 688
8, 0, 0, 695
8, 0, 0, 680
8, 0, 0, 685
8, 0, 0, 696
8, 0, 0, 688
8, 0, 0, 667
execute /home/pei/Project/benchmarks/imdb_job-postgres/queries/23c.sql
8, 0, 0, 944
8, 0, 0, 922
8, 0, 0, 938
8, 0, 0, 942
8, 0, 0, 927
8, 0, 0, 941
8, 0, 0, 927
8, 0, 0, 926
8, 0, 0, 942
8, 0, 0, 944
8, 0, 0, 939
8, 0, 0, 921
8, 0, 0, 927
8, 0, 0, 946
8, 0, 0, 922
execute /home/pei/Project/benchmarks/imdb_job-postgres/queries/24a.sql
20, 0, 0, 2315
20, 0, 0, 2319
20, 0, 0, 2304
20, 0, 0, 2333
20, 0, 0, 2367
20, 0, 0, 2323
20, 0, 0, 2330
20, 0, 0, 2319
20, 0, 0, 2335
20, 0, 0, 2299
20, 0, 0, 2365
20, 0, 0, 2357
20, 0, 0, 2354
20, 0, 0, 2327
20, 0, 0, 2365
execute /home/pei/Project/benchmarks/imdb_job-postgres/queries/24b.sql
20, 0, 0, 2057
20, 0, 0, 2063
20, 0, 0, 2065
20, 0, 0, 2038
20, 0, 0, 2054
20, 0, 0, 2070
20, 0, 0, 2087
20, 0, 0, 2063
20, 0, 0, 2059
20, 0, 0, 2055
20, 0, 0, 2063
20, 0, 0, 2062
20, 0, 0, 2061
20, 0, 0, 2084
20, 0, 0, 2068
execute /home/pei/Project/benchmarks/imdb_job-postgres/queries/25a.sql
2, 0, 0, 1514
2, 0, 0, 1514
2, 0, 0, 1520
2, 0, 0, 1513
2, 0, 0, 1525
2, 0, 0, 1546
2, 0, 0, 1530
2, 0, 0, 1521
2, 0, 0, 1522
2, 0, 0, 1544
2, 0, 0, 1538
2, 0, 0, 1520
2, 0, 0, 1517
2, 0, 0, 1534
2, 0, 0, 1520
execute /home/pei/Project/benchmarks/imdb_job-postgres/queries/25b.sql
2, 0, 0, 1422
2, 0, 0, 1442
2, 0, 0, 1431
2, 0, 0, 1434
2, 0, 0, 1463
2, 0, 0, 1439
2, 0, 0, 1443
2, 0, 0, 1437
2, 0, 0, 1432
2, 0, 0, 1436
2, 0, 0, 1429
2, 0, 0, 1434
2, 0, 0, 1441
2, 0, 0, 1433
2, 0, 0, 1459
execute /home/pei/Project/benchmarks/imdb_job-postgres/queries/25c.sql
2, 0, 0, 1988
2, 0, 0, 1990
2, 0, 0, 1981
2, 0, 0, 1976
2, 0, 0, 1976
2, 0, 0, 1981
2, 0, 0, 1975
2, 0, 0, 1978
2, 0, 0, 1977
2, 0, 0, 1982
2, 0, 0, 1993
2, 0, 0, 1972
2, 0, 0, 1983
2, 0, 0, 2009
2, 0, 0, 1983
execute /home/pei/Project/benchmarks/imdb_job-postgres/queries/26a.sql
15, 0, 0, 1042
15, 0, 0, 1059
15, 0, 0, 1038
15, 0, 0, 1039
15, 0, 0, 1041
15, 0, 0, 1047
15, 0, 0, 1043
15, 0, 0, 1048
15, 0, 0, 1044
15, 0, 0, 1056
15, 0, 0, 1037
16, 0, 0, 1059
15, 0, 0, 1038
16, 0, 0, 1045
15, 0, 0, 1041
execute /home/pei/Project/benchmarks/imdb_job-postgres/queries/26b.sql
15, 0, 0, 749
15, 0, 0, 747
15, 0, 0, 757
15, 0, 0, 746
15, 0, 0, 745
15, 0, 0, 749
15, 0, 0, 745
15, 0, 0, 743
15, 0, 0, 744
15, 0, 0, 755
15, 0, 0, 754
15, 0, 0, 754
15, 0, 0, 747
15, 0, 0, 748
15, 0, 0, 742
execute /home/pei/Project/benchmarks/imdb_job-postgres/queries/26c.sql
15, 0, 0, 995
15, 0, 0, 1004
15, 0, 0, 1003
15, 0, 0, 996
15, 0, 0, 1009
15, 0, 0, 998
15, 0, 0, 999
15, 0, 0, 998
15, 0, 0, 1007
15, 0, 0, 994
15, 0, 0, 997
15, 0, 0, 989
15, 0, 0, 1001
15, 0, 0, 1005
15, 0, 0, 995
execute /home/pei/Project/benchmarks/imdb_job-postgres/queries/27a.sql
25, 0, 0, 229
25, 0, 0, 232
26, 0, 0, 229
25, 0, 0, 231
25, 0, 0, 230
25, 0, 0, 229
25, 0, 0, 230
25, 0, 0, 231
25, 0, 0, 230
26, 0, 0, 233
25, 0, 0, 232
25, 0, 0, 228
25, 0, 0, 231
25, 0, 0, 229
25, 0, 0, 232
execute /home/pei/Project/benchmarks/imdb_job-postgres/queries/27b.sql
26, 0, 0, 245
25, 0, 0, 241
25, 0, 0, 242
26, 0, 0, 245
25, 0, 0, 247
25, 0, 0, 243
25, 0, 0, 245
25, 0, 0, 242
25, 0, 0, 245
25, 0, 0, 243
25, 0, 0, 245
26, 0, 0, 244
25, 0, 0, 245
25, 0, 0, 244
25, 0, 0, 244
execute /home/pei/Project/benchmarks/imdb_job-postgres/queries/27c.sql
25, 0, 0, 812
25, 0, 0, 806
25, 0, 0, 816
26, 0, 0, 807
25, 0, 0, 804
25, 0, 0, 806
25, 0, 0, 809
25, 0, 0, 812
25, 0, 0, 820
25, 0, 0, 815
25, 0, 0, 805
26, 0, 0, 815
25, 0, 0, 807
25, 0, 0, 802
25, 0, 0, 812
execute /home/pei/Project/benchmarks/imdb_job-postgres/queries/28a.sql
30, 0, 0, 1173
30, 0, 0, 1167
30, 0, 0, 1170
30, 0, 0, 1179
30, 0, 0, 1169
29, 0, 0, 1169
30, 0, 0, 1165
30, 0, 0, 1166
30, 0, 0, 1170
30, 0, 0, 1177
30, 0, 0, 1175
30, 0, 0, 1164
30, 0, 0, 1174
30, 0, 0, 1174
30, 0, 0, 1165
execute /home/pei/Project/benchmarks/imdb_job-postgres/queries/28b.sql
30, 0, 0, 986
30, 0, 0, 972
30, 0, 0, 976
30, 0, 0, 984
29, 0, 0, 985
30, 0, 0, 975
30, 0, 0, 982
30, 0, 0, 975
30, 0, 0, 976
30, 0, 0, 980
29, 0, 0, 978
30, 0, 0, 980
30, 0, 0, 975
30, 0, 0, 993
30, 0, 0, 978
execute /home/pei/Project/benchmarks/imdb_job-postgres/queries/28c.sql
30, 0, 0, 1232
29, 0, 0, 1208
30, 0, 0, 1216
30, 0, 0, 1214
30, 0, 0, 1210
30, 0, 0, 1205
30, 0, 0, 1209
30, 0, 0, 1216
30, 0, 0, 1210
30, 0, 0, 1211
29, 0, 0, 1212
30, 0, 0, 1206
30, 0, 0, 1214
30, 0, 0, 1268
29, 0, 0, 1221
execute /home/pei/Project/benchmarks/imdb_job-postgres/queries/29a.sql
28, 0, 0, 1987
28, 0, 0, 1950
27, 0, 0, 1951
27, 0, 0, 1951
28, 0, 0, 1944
28, 0, 0, 1970
27, 0, 0, 1967
27, 0, 0, 1947
27, 0, 0, 1949
27, 0, 0, 1972
27, 0, 0, 1954
27, 0, 0, 1966
27, 0, 0, 1934
27, 0, 0, 1955
27, 0, 0, 1941
execute /home/pei/Project/benchmarks/imdb_job-postgres/queries/29b.sql
27, 0, 0, 1702
27, 0, 0, 1707
27, 0, 0, 1704
27, 0, 0, 1702
27, 0, 0, 1701
28, 0, 0, 1715
27, 0, 0, 1706
27, 0, 0, 1709
27, 0, 0, 1713
27, 0, 0, 1720
27, 0, 0, 1716
27, 0, 0, 1732
27, 0, 0, 1714
27, 0, 0, 1737
27, 0, 0, 1707
execute /home/pei/Project/benchmarks/imdb_job-postgres/queries/29c.sql
27, 0, 0, 2203
28, 0, 0, 2173
28, 0, 0, 2179
28, 0, 0, 2168
28, 0, 0, 2175
30, 0, 0, 2202
28, 0, 0, 2169
28, 0, 0, 2170
28, 0, 0, 2169
28, 0, 0, 2173
28, 0, 0, 2177
28, 0, 0, 2166
28, 0, 0, 2171
28, 0, 0, 2163
28, 0, 0, 2166
execute /home/pei/Project/benchmarks/imdb_job-postgres/queries/2a.sql
0, 0, 0, 191
0, 0, 0, 194
0, 0, 0, 192
0, 0, 0, 192
0, 0, 0, 193
0, 0, 0, 193
0, 0, 0, 194
0, 0, 0, 194
0, 0, 0, 193
0, 0, 0, 192
0, 0, 0, 193
0, 0, 0, 194
0, 0, 0, 192
0, 0, 0, 193
0, 0, 0, 191
execute /home/pei/Project/benchmarks/imdb_job-postgres/queries/2b.sql
0, 0, 0, 187
0, 0, 0, 186
0, 0, 0, 189
0, 0, 0, 187
0, 0, 0, 189
0, 0, 0, 187
0, 0, 0, 187
0, 0, 0, 187
0, 0, 0, 188
0, 0, 0, 189
0, 0, 0, 188
0, 0, 0, 189
0, 0, 0, 186
0, 0, 0, 188
0, 0, 0, 188
execute /home/pei/Project/benchmarks/imdb_job-postgres/queries/2c.sql
0, 0, 0, 76
0, 0, 0, 76
0, 0, 0, 74
0, 0, 0, 76
0, 0, 0, 76
0, 0, 0, 75
0, 0, 0, 75
0, 0, 0, 76
0, 0, 0, 77
0, 0, 0, 76
0, 0, 0, 77
0, 0, 0, 76
0, 0, 0, 77
0, 0, 0, 75
0, 0, 0, 74
execute /home/pei/Project/benchmarks/imdb_job-postgres/queries/2d.sql
0, 0, 0, 207
0, 0, 0, 204
0, 0, 0, 202
0, 0, 0, 205
0, 0, 0, 206
0, 0, 0, 205
0, 0, 0, 205
0, 0, 0, 204
0, 0, 0, 206
0, 0, 0, 206
0, 0, 0, 204
0, 0, 0, 205
0, 0, 0, 202
0, 0, 0, 204
0, 0, 0, 205
execute /home/pei/Project/benchmarks/imdb_job-postgres/queries/30a.sql
23, 0, 0, 1673
23, 0, 0, 1643
23, 0, 0, 1647
23, 0, 0, 1645
23, 0, 0, 1645
23, 0, 0, 1652
23, 0, 0, 1736
23, 0, 0, 1633
23, 0, 0, 1663
23, 0, 0, 1650
23, 0, 0, 1641
23, 0, 0, 1677
23, 0, 0, 1649
24, 0, 0, 1648
23, 0, 0, 1649
execute /home/pei/Project/benchmarks/imdb_job-postgres/queries/30b.sql
23, 0, 0, 1614
23, 0, 0, 1700
23, 0, 0, 1612
23, 0, 0, 1611
23, 0, 0, 1625
23, 0, 0, 1613
23, 0, 0, 1635
23, 0, 0, 1644
23, 0, 0, 1614
24, 0, 0, 1612
23, 0, 0, 1618
23, 0, 0, 1623
23, 0, 0, 1614
23, 0, 0, 1632
23, 0, 0, 1609
execute /home/pei/Project/benchmarks/imdb_job-postgres/queries/30c.sql
23, 0, 0, 1831
23, 0, 0, 1873
23, 0, 0, 1829
23, 0, 0, 1833
23, 0, 0, 1834
23, 0, 0, 1843
23, 0, 0, 1830
23, 0, 0, 1836
23, 0, 0, 1859
23, 0, 0, 1824
23, 0, 0, 1839
24, 0, 0, 1831
23, 0, 0, 1832
23, 0, 0, 1844
23, 0, 0, 1837
execute /home/pei/Project/benchmarks/imdb_job-postgres/queries/31a.sql
12, 0, 0, 1692
12, 0, 0, 1683
12, 0, 0, 1674
12, 0, 0, 1681
12, 0, 0, 1682
12, 0, 0, 1679
12, 0, 0, 1667
12, 0, 0, 1675
12, 0, 0, 1668
12, 0, 0, 1681
12, 0, 0, 1682
12, 0, 0, 1671
12, 0, 0, 1680
12, 0, 0, 1675
12, 0, 0, 1672
execute /home/pei/Project/benchmarks/imdb_job-postgres/queries/31b.sql
12, 0, 0, 1725
12, 0, 0, 1725
12, 0, 0, 1736
12, 0, 0, 1730
12, 0, 0, 1726
12, 0, 0, 1735
12, 0, 0, 1726
12, 0, 0, 1733
12, 0, 0, 1736
12, 0, 0, 1762
12, 0, 0, 1737
12, 0, 0, 1743
12, 0, 0, 1725
12, 0, 0, 1723
12, 0, 0, 1723
execute /home/pei/Project/benchmarks/imdb_job-postgres/queries/31c.sql
14, 0, 0, 1920
12, 0, 0, 1910
12, 0, 0, 1906
12, 0, 0, 1958
12, 0, 0, 1913
12, 0, 0, 1904
12, 0, 0, 1903
12, 0, 0, 1913
12, 0, 0, 1910
12, 0, 0, 1913
12, 0, 0, 1905
12, 0, 0, 1901
12, 0, 0, 1908
12, 0, 0, 1906
12, 0, 0, 1914
execute /home/pei/Project/benchmarks/imdb_job-postgres/queries/32a.sql
0, 0, 0, 9
0, 0, 0, 9
0, 0, 0, 9
0, 0, 0, 9
0, 0, 0, 9
0, 0, 0, 9
0, 0, 0, 9
0, 0, 0, 9
0, 0, 0, 9
0, 0, 0, 9
0, 0, 0, 9
0, 0, 0, 9
0, 0, 0, 9
0, 0, 0, 9
0, 0, 0, 9
execute /home/pei/Project/benchmarks/imdb_job-postgres/queries/32b.sql
0, 0, 0, 136
0, 0, 0, 131
0, 0, 0, 132
0, 0, 0, 131
0, 0, 0, 132
0, 0, 0, 134
0, 0, 0, 132
0, 0, 0, 131
0, 0, 0, 132
0, 0, 0, 133
0, 0, 0, 132
0, 0, 0, 131
0, 0, 0, 132
0, 0, 0, 131
0, 0, 0, 131
execute /home/pei/Project/benchmarks/imdb_job-postgres/queries/33a.sql
29, 0, 0, 215
29, 0, 0, 215
29, 0, 0, 216
29, 0, 0, 213
29, 0, 0, 214
29, 0, 0, 214
29, 0, 0, 214
29, 0, 0, 237
29, 0, 0, 218
29, 0, 0, 213
29, 0, 0, 216
29, 0, 0, 215
29, 0, 0, 218
29, 0, 0, 216
29, 0, 0, 212
execute /home/pei/Project/benchmarks/imdb_job-postgres/queries/33b.sql
29, 0, 0, 215
29, 0, 0, 214
29, 0, 0, 211
29, 0, 0, 213
29, 0, 0, 212
29, 0, 0, 213
29, 0, 0, 214
29, 0, 0, 212
29, 0, 0, 210
29, 0, 0, 213
29, 0, 0, 209
29, 0, 0, 210
29, 0, 0, 211
29, 0, 0, 212
29, 0, 0, 213
execute /home/pei/Project/benchmarks/imdb_job-postgres/queries/33c.sql
29, 0, 0, 223
29, 0, 0, 222
29, 0, 0, 223
29, 0, 0, 224
29, 0, 0, 219
29, 0, 0, 218
29, 0, 0, 224
29, 0, 0, 224
29, 0, 0, 221
28, 0, 0, 221
29, 0, 0, 222
29, 0, 0, 222
29, 0, 0, 222
29, 0, 0, 224
29, 0, 0, 221
execute /home/pei/Project/benchmarks/imdb_job-postgres/queries/3a.sql
0, 0, 0, 889
0, 0, 0, 891
0, 0, 0, 900
0, 0, 0, 896
0, 0, 0, 891
0, 0, 0, 901
0, 0, 0, 887
0, 0, 0, 901
0, 0, 0, 898
0, 0, 0, 891
0, 0, 0, 889
0, 0, 0, 893
0, 0, 0, 891
0, 0, 0, 888
0, 0, 0, 903
execute /home/pei/Project/benchmarks/imdb_job-postgres/queries/3b.sql
0, 0, 0, 613
0, 0, 0, 606
0, 0, 0, 603
0, 0, 0, 601
0, 0, 0, 609
0, 0, 0, 605
0, 0, 0, 612
0, 0, 0, 606
0, 0, 0, 601
0, 0, 0, 602
0, 0, 0, 603
0, 0, 0, 606
0, 0, 0, 609
0, 0, 0, 602
0, 0, 0, 602
execute /home/pei/Project/benchmarks/imdb_job-postgres/queries/3c.sql
0, 0, 0, 963
0, 0, 0, 954
0, 0, 0, 953
0, 0, 0, 972
0, 0, 0, 954
0, 0, 0, 956
0, 0, 0, 966
0, 0, 0, 972
0, 0, 0, 957
0, 0, 0, 961
0, 0, 0, 967
0, 0, 0, 970
0, 0, 0, 960
0, 0, 0, 971
0, 0, 0, 971
execute /home/pei/Project/benchmarks/imdb_job-postgres/queries/4a.sql
0, 0, 0, 303
0, 0, 0, 306
0, 0, 0, 308
0, 0, 0, 308
0, 0, 0, 308
0, 0, 0, 305
0, 0, 0, 308
0, 0, 0, 307
0, 0, 0, 307
0, 0, 0, 305
0, 0, 0, 306
0, 0, 0, 305
0, 0, 0, 306
0, 0, 0, 308
0, 0, 0, 308
execute /home/pei/Project/benchmarks/imdb_job-postgres/queries/4b.sql
0, 0, 0, 170
0, 0, 0, 170
0, 0, 0, 170
0, 0, 0, 172
0, 0, 0, 173
0, 0, 0, 171
0, 0, 0, 172
0, 0, 0, 171
0, 0, 0, 173
0, 0, 0, 172
0, 0, 0, 172
0, 0, 0, 173
0, 0, 0, 170
0, 0, 0, 170
0, 0, 0, 170
execute /home/pei/Project/benchmarks/imdb_job-postgres/queries/4c.sql
0, 0, 0, 449
0, 0, 0, 451
0, 0, 0, 449
0, 0, 0, 439
0, 0, 0, 441
0, 0, 0, 448
0, 0, 0, 439
0, 0, 0, 449
0, 0, 0, 436
0, 0, 0, 438
0, 0, 0, 435
0, 0, 0, 449
0, 0, 0, 437
0, 0, 0, 451
0, 0, 0, 449
execute /home/pei/Project/benchmarks/imdb_job-postgres/queries/5a.sql
0, 0, 0, 251
0, 0, 0, 251
0, 0, 0, 252
0, 0, 0, 251
0, 0, 0, 250
0, 0, 0, 253
0, 0, 0, 249
0, 0, 0, 251
0, 0, 0, 252
0, 0, 0, 248
0, 0, 0, 247
0, 0, 0, 249
0, 0, 0, 247
0, 0, 0, 253
0, 0, 0, 246
execute /home/pei/Project/benchmarks/imdb_job-postgres/queries/5b.sql
0, 0, 0, 224
0, 0, 0, 223
0, 0, 0, 221
0, 0, 0, 223
0, 0, 0, 224
0, 0, 0, 223
0, 0, 0, 220
0, 0, 0, 224
0, 0, 0, 220
0, 0, 0, 222
0, 0, 0, 224
0, 0, 0, 219
0, 0, 0, 220
0, 0, 0, 221
0, 0, 0, 220
execute /home/pei/Project/benchmarks/imdb_job-postgres/queries/5c.sql
0, 0, 0, 993
0, 0, 0, 981
0, 0, 0, 987
0, 0, 0, 984
0, 0, 0, 990
0, 0, 0, 997
0, 0, 0, 1002
0, 0, 0, 991
0, 0, 0, 986
0, 0, 0, 986
0, 0, 0, 990
0, 0, 0, 989
0, 0, 0, 986
0, 0, 0, 990
0, 0, 0, 987
execute /home/pei/Project/benchmarks/imdb_job-postgres/queries/6a.sql
0, 0, 0, 592
0, 0, 0, 587
0, 0, 0, 583
0, 0, 0, 589
0, 0, 0, 587
0, 0, 0, 587
0, 0, 0, 592
0, 0, 0, 585
0, 0, 0, 595
0, 0, 0, 586
0, 0, 0, 589
0, 0, 0, 584
0, 0, 0, 586
0, 0, 0, 588
0, 0, 0, 584
execute /home/pei/Project/benchmarks/imdb_job-postgres/queries/6b.sql
0, 1, 0, 534
0, 0, 0, 542
0, 0, 0, 544
0, 0, 0, 535
0, 0, 0, 535
0, 0, 0, 533
0, 0, 0, 534
0, 0, 0, 539
0, 0, 0, 532
0, 0, 0, 543
0, 0, 0, 543
0, 0, 0, 534
0, 0, 0, 542
0, 0, 0, 534
0, 0, 0, 537
execute /home/pei/Project/benchmarks/imdb_job-postgres/queries/6c.sql
0, 0, 0, 514
0, 0, 0, 509
0, 0, 0, 508
0, 0, 0, 509
0, 0, 0, 508
0, 0, 0, 513
0, 0, 0, 516
0, 0, 0, 516
0, 0, 0, 507
0, 0, 0, 509
0, 0, 0, 509
0, 0, 0, 507
0, 0, 0, 509
0, 0, 0, 516
0, 0, 0, 511
execute /home/pei/Project/benchmarks/imdb_job-postgres/queries/6d.sql
0, 0, 0, 1007
0, 0, 0, 997
0, 0, 0, 991
0, 0, 0, 998
0, 0, 0, 992
0, 0, 0, 1000
0, 0, 0, 1008
0, 0, 0, 1009
0, 0, 0, 1000
0, 0, 0, 1004
0, 0, 0, 1005
0, 0, 0, 1011
0, 0, 0, 995
0, 0, 0, 1003
0, 0, 0, 994
execute /home/pei/Project/benchmarks/imdb_job-postgres/queries/6e.sql
0, 0, 0, 602
0, 0, 0, 600
0, 0, 0, 601
0, 0, 0, 593
0, 0, 0, 594
0, 0, 0, 602
0, 0, 0, 600
0, 0, 0, 593
0, 0, 0, 592
0, 0, 0, 595
0, 0, 0, 602
0, 0, 0, 603
0, 0, 0, 595
0, 0, 0, 597
0, 0, 0, 600
execute /home/pei/Project/benchmarks/imdb_job-postgres/queries/6f.sql
0, 0, 0, 1143
0, 0, 0, 1152
0, 0, 0, 1164
0, 0, 0, 1160
0, 0, 0, 1155
0, 0, 0, 1163
0, 0, 0, 1155
0, 0, 0, 1152
0, 0, 0, 1151
0, 0, 0, 1166
0, 0, 0, 1145
0, 0, 0, 1151
0, 0, 0, 1142
0, 0, 0, 1160
0, 0, 0, 1152
execute /home/pei/Project/benchmarks/imdb_job-postgres/queries/7a.sql
1, 0, 0, 524
1, 0, 0, 520
1, 0, 0, 531
1, 0, 0, 523
1, 0, 0, 527
1, 0, 0, 529
1, 0, 0, 528
1, 0, 0, 528
1, 0, 0, 529
1, 0, 0, 523
1, 0, 0, 527
1, 0, 0, 526
1, 0, 0, 522
1, 0, 0, 524
1, 0, 0, 520
execute /home/pei/Project/benchmarks/imdb_job-postgres/queries/7b.sql
1, 0, 0, 444
1, 0, 0, 441
1, 0, 0, 446
1, 0, 0, 448
1, 0, 0, 447
1, 0, 0, 445
1, 0, 0, 448
1, 0, 0, 445
1, 0, 0, 449
1, 0, 0, 449
1, 0, 0, 451
1, 0, 0, 449
1, 0, 0, 449
1, 0, 0, 446
1, 0, 0, 451
execute /home/pei/Project/benchmarks/imdb_job-postgres/queries/7c.sql
1, 0, 0, 2411
1, 0, 0, 2428
1, 0, 0, 2415
1, 0, 0, 2413
1, 0, 0, 2420
1, 0, 0, 2408
1, 0, 0, 2412
1, 0, 0, 2415
1, 0, 0, 2419
1, 0, 0, 2402
1, 0, 0, 2409
1, 0, 0, 2407
1, 0, 0, 2417
1, 0, 0, 2397
1, 0, 0, 2416
execute /home/pei/Project/benchmarks/imdb_job-postgres/queries/8a.sql
0, 0, 0, 838
0, 0, 0, 849
0, 0, 0, 855
0, 0, 0, 835
0, 0, 0, 835
0, 0, 0, 841
0, 0, 0, 862
0, 0, 0, 841
0, 0, 0, 833
0, 0, 0, 837
0, 0, 0, 834
0, 0, 0, 838
0, 0, 0, 842
0, 0, 0, 836
0, 0, 0, 836
execute /home/pei/Project/benchmarks/imdb_job-postgres/queries/8b.sql
0, 0, 0, 870
0, 0, 0, 863
0, 0, 0, 863
0, 0, 0, 867
0, 0, 0, 851
0, 0, 0, 870
0, 0, 0, 848
0, 0, 0, 848
0, 0, 0, 847
0, 0, 0, 859
0, 0, 0, 853
0, 0, 0, 865
0, 0, 0, 853
0, 0, 0, 850
0, 0, 0, 854
execute /home/pei/Project/benchmarks/imdb_job-postgres/queries/8c.sql
0, 0, 0, 3793
0, 0, 0, 3801
0, 0, 0, 3819
0, 0, 0, 3811
0, 0, 0, 3819
0, 0, 0, 3812
0, 0, 0, 3819
0, 0, 0, 3805
0, 0, 0, 3829
0, 0, 0, 3815
0, 0, 0, 3822
0, 0, 0, 3827
0, 0, 0, 3798
0, 0, 0, 3827
0, 0, 0, 3830
execute /home/pei/Project/benchmarks/imdb_job-postgres/queries/8d.sql
0, 0, 0, 2647
0, 0, 0, 2677
0, 0, 0, 2676
0, 0, 0, 2689
0, 0, 0, 2676
0, 0, 0, 2684
0, 0, 0, 2682
0, 0, 0, 2685
0, 0, 0, 2656
0, 0, 0, 2667
0, 0, 0, 2691
0, 0, 0, 2653
0, 0, 0, 2683
0, 0, 0, 2659
0, 0, 0, 2668
execute /home/pei/Project/benchmarks/imdb_job-postgres/queries/9a.sql
1, 0, 0, 1576
1, 0, 0, 1570
1, 0, 0, 1587
1, 0, 0, 1567
1, 0, 0, 1599
1, 0, 0, 1568
1, 0, 0, 1575
1, 0, 0, 1586
1, 0, 0, 1589
1, 0, 0, 1571
1, 0, 0, 1567
1, 0, 0, 1575
1, 0, 0, 1588
1, 0, 0, 1599
1, 0, 0, 1574
execute /home/pei/Project/benchmarks/imdb_job-postgres/queries/9b.sql
1, 0, 0, 974
1, 0, 0, 943
1, 0, 0, 950
1, 0, 0, 976
1, 0, 0, 943
1, 0, 0, 972
1, 0, 0, 946
1, 0, 0, 949
1, 0, 0, 943
1, 0, 0, 944
1, 0, 0, 1059
1, 0, 0, 944
1, 0, 0, 943
1, 0, 0, 946
1, 0, 0, 975
execute /home/pei/Project/benchmarks/imdb_job-postgres/queries/9c.sql
1, 0, 0, 1545
1, 0, 0, 1518
1, 0, 0, 1525
1, 0, 0, 1523
1, 0, 0, 1519
1, 0, 0, 1547
1, 0, 0, 1542
1, 0, 0, 1556
1, 0, 0, 1513
1, 0, 0, 1521
1, 0, 0, 1520
1, 0, 0, 1543
1, 0, 0, 1518
1, 0, 0, 1532
1, 0, 0, 1517
execute /home/pei/Project/benchmarks/imdb_job-postgres/queries/9d.sql
1, 0, 0, 2393
1, 0, 0, 2368
1, 0, 0, 2355
1, 0, 0, 2374
1, 0, 0, 2398
1, 0, 0, 2366
1, 0, 0, 2376
1, 0, 0, 2362
1, 0, 0, 2368
1, 0, 0, 2356
1, 0, 0, 2361
1, 0, 0, 2369
1, 0, 0, 2380
1, 0, 0, 2354
1, 0, 0, 2359
